[{"pos_x": 323.85, "pos_y": -278.60625, "rotation": 0.0, "side": "top", "designator": "MX61", "mpn": null, "pack": "MXOnly-2.25U-NoLED", "value": "MX-NoLED", "mount_type": "tht", "place": true}, {"pos_x": 283.36875, "pos_y": -297.65625, "rotation": 0.0, "side": "top", "designator": "MX54", "mpn": null, "pack": "MXOnly-1U-NoLED", "value": "MX-NoLED", "mount_type": "tht", "place": true}, {"pos_x": 73.81875, "pos_y": -316.70625, "rotation": 0.0, "side": "top", "designator": "MX69", "mpn": null, "pack": "MXOnly-1.5U-NoLED", "value": "MX-NoLED", "mount_type": "tht", "place": true}, {"pos_x": 102.39375, "pos_y": -278.60625, "rotation": 0.0, "side": "top", "designator": "MX8", "mpn": null, "pack": "MXOnly-1U-NoLED", "value": "MX-NoLED", "mount_type": "tht", "place": true}, {"pos_x": 188.11875, "pos_y": -297.65625, "rotation": 0.0, "side": "top", "designator": "MX29", "mpn": null, "pack": "MXOnly-1U-NoLED", "value": "MX-NoLED", "mount_type": "tht", "place": true}, {"pos_x": 76.2, "pos_y": -278.60625, "rotation": 0.0, "side": "top", "designator": "MX3", "mpn": null, "pack": "MXOnly-1.75U-NoLED", "value": "MX-NoLED", "mount_type": "tht", "place": true}, {"pos_x": 71.4375, "pos_y": -316.70625, "rotation": 0.0, "side": "top", "designator": "MX5", "mpn": null, "pack": "MXOnly-1.25U-NoLED", "value": "MX-NoLED", "mount_type": "tht", "place": true}, {"pos_x": 183.35625, "pos_y": -240.50625, "rotation": 0.0, "side": "top", "designator": "MX31", "mpn": null, "pack": "MXOnly-1U-NoLED", "value": "MX-NoLED", "mount_type": "tht", "place": true}, {"pos_x": 121.44375, "pos_y": -316.70625, "rotation": 0.0, "side": "top", "designator": "MX71", "mpn": null, "pack": "MXOnly-1.5U-NoLED", "value": "MX-NoLED", "mount_type": "tht", "place": true}, {"pos_x": 114.3, "pos_y": -316.70625, "rotation": 0.0, "side": "top", "designator": "MX15", "mpn": null, "pack": "MXOnly-1.25U-NoLED", "value": "MX-NoLED", "mount_type": "tht", "place": true}, {"pos_x": 307.18125, "pos_y": -259.55625, "rotation": 0.0, "side": "top", "designator": "MX60", "mpn": null, "pack": "MXOnly-1U-NoLED", "value": "MX-NoLED", "mount_type": "tht", "place": true}, {"pos_x": 121.44375, "pos_y": -278.60625, "rotation": 0.0, "side": "top", "designator": "MX13", "mpn": null, "pack": "MXOnly-1U-NoLED", "value": "MX-NoLED", "mount_type": "tht", "place": true}, {"pos_x": 178.59375, "pos_y": -278.60625, "rotation": 0.0, "side": "top", "designator": "MX28", "mpn": null, "pack": "MXOnly-1U-NoLED", "value": "MX-NoLED", "mount_type": "tht", "place": true}, {"pos_x": 169.06875, "pos_y": -278.60625, "rotation": 0.0, "side": "top", "designator": "", "mpn": null, "pack": "", "value": "", "mount_type": "tht", "place": true}, {"pos_x": 269.08125, "pos_y": -259.55625, "rotation": 0.0, "side": "top", "designator": "MX52", "mpn": null, "pack": "MXOnly-1U-NoLED", "value": "MX-NoLED", "mount_type": "tht", "place": true}, {"pos_x": 250.03125, "pos_y": -259.55625, "rotation": 0.0, "side": "top", "designator": "MX47", "mpn": null, "pack": "MXOnly-1U-NoLED", "value": "MX-NoLED", "mount_type": "tht", "place": true}, {"pos_x": 215.9, "pos_y": -310.35625, "rotation": 0.0, "side": "top", "designator": "G***", "mpn": null, "pack": "LOGO", "value": "LOGO", "mount_type": "tht", "place": false}, {"pos_x": 345.28125, "pos_y": -316.70625, "rotation": 0.0, "side": "top", "designator": "MX45", "mpn": null, "pack": "MXOnly-1U-NoLED", "value": "MX-NoLED", "mount_type": "tht", "place": true}, {"pos_x": 257.175, "pos_y": -316.70625, "rotation": 0.0, "side": "top", "designator": "MX25", "mpn": null, "pack": "MXOnly-1.25U-NoLED", "value": "MX-NoLED", "mount_type": "tht", "place": true}, {"pos_x": 192.88125, "pos_y": -259.55625, "rotation": 0.0, "side": "top", "designator": "MX32", "mpn": null, "pack": "MXOnly-1U-NoLED", "value": "MX-NoLED", "mount_type": "tht", "place": true}, {"pos_x": 202.40625, "pos_y": -240.50625, "rotation": 0.0, "side": "top", "designator": "MX36", "mpn": null, "pack": "MXOnly-1U-NoLED", "value": "MX-NoLED", "mount_type": "tht", "place": true}, {"pos_x": 364.33125, "pos_y": -316.70625, "rotation": 0.0, "side": "top", "designator": "MX50", "mpn": null, "pack": "MXOnly-1U-NoLED", "value": "MX-NoLED", "mount_type": "tht", "place": true}, {"pos_x": 351.409, "pos_y": -276.606, "rotation": 0.0, "side": "top", "designator": "", "mpn": null, "pack": "", "value": "", "mount_type": "tht", "place": true}, {"pos_x": 264.31875, "pos_y": -278.60625, "rotation": 0.0, "side": "top", "designator": "", "mpn": null, "pack": "", "value": "", "mount_type": "tht", "place": true}, {"pos_x": 330.99375, "pos_y": -259.55625, "rotation": 0.0, "side": "top", "designator": "MX64", "mpn": null, "pack": "MXOnly-1.5U-NoLED", "value": "MX-NoLED", "mount_type": "tht", "place": true}, {"pos_x": 207.16875, "pos_y": -297.65625, "rotation": 0.0, "side": "top", "designator": "MX34", "mpn": null, "pack": "MXOnly-1U-NoLED", "value": "MX-NoLED", "mount_type": "tht", "place": true}, {"pos_x": 264.31875, "pos_y": -297.65625, "rotation": 0.0, "side": "top", "designator": "MX49", "mpn": null, "pack": "MXOnly-1U-NoLED", "value": "MX-NoLED", "mount_type": "tht", "place": true}, {"pos_x": 314.325, "pos_y": -297.65625, "rotation": 0.0, "side": "top", "designator": "MX58", "mpn": null, "pack": "MXOnly-2.25U-NoLED", "value": "MX-NoLED", "mount_type": "tht", "place": true}, {"pos_x": 135.73125, "pos_y": -259.55625, "rotation": 0.0, "side": "top", "designator": "MX17", "mpn": null, "pack": "MXOnly-1U-NoLED", "value": "MX-NoLED", "mount_type": "tht", "place": true}, {"pos_x": 240.50625, "pos_y": -240.50625, "rotation": 0.0, "side": "top", "designator": "MX46", "mpn": null, "pack": "MXOnly-1U-NoLED", "value": "MX-NoLED", "mount_type": "tht", "place": true}, {"pos_x": 345.28125, "pos_y": -297.65625, "rotation": 0.0, "side": "top", "designator": "MX62", "mpn": null, "pack": "MXOnly-1U-NoLED", "value": "MX-NoLED", "mount_type": "tht", "place": true}, {"pos_x": 88.10625, "pos_y": -240.50625, "rotation": 0.0, "side": "top", "designator": "MX6", "mpn": null, "pack": "MXOnly-1U-NoLED", "value": "MX-NoLED", "mount_type": "tht", "place": true}, {"pos_x": 280.9875, "pos_y": -316.70625, "rotation": 0.0, "side": "top", "designator": "MX30", "mpn": null, "pack": "MXOnly-1.25U-NoLED", "value": "MX-NoLED", "mount_type": "tht", "place": true}, {"pos_x": 97.63125, "pos_y": -316.70625, "rotation": 0.0, "side": "top", "designator": "MX70", "mpn": null, "pack": "MXOnly-1U-NoLED", "value": "MX-NoLED", "mount_type": "tht", "place": true}, {"pos_x": 364.33125, "pos_y": -297.65625, "rotation": 0.0, "side": "top", "designator": "MX66", "mpn": null, "pack": "MXOnly-1U-NoLED", "value": "MX-NoLED", "mount_type": "tht", "place": true}, {"pos_x": 226.21875, "pos_y": -297.65625, "rotation": 0.0, "side": "top", "designator": "MX39", "mpn": null, "pack": "MXOnly-1U-NoLED", "value": "MX-NoLED", "mount_type": "tht", "place": true}, {"pos_x": 221.45625, "pos_y": -240.50625, "rotation": 0.0, "side": "top", "designator": "MX41", "mpn": null, "pack": "MXOnly-1U-NoLED", "value": "MX-NoLED", "mount_type": "tht", "place": true}, {"pos_x": 185.7375, "pos_y": -316.70625, "rotation": 0.0, "side": "top", "designator": "MX20", "mpn": null, "pack": "MXOnly-6.25U-ReversedStabilizers-NoLED", "value": "MX-NoLED", "mount_type": "tht", "place": true}, {"pos_x": 130.96875, "pos_y": -297.65625, "rotation": 0.0, "side": "top", "designator": "MX14", "mpn": null, "pack": "MXOnly-1U-NoLED", "value": "MX-NoLED", "mount_type": "tht", "place": true}, {"pos_x": 116.68125, "pos_y": -259.55625, "rotation": 0.0, "side": "top", "designator": "MX12", "mpn": null, "pack": "MXOnly-1U-NoLED", "value": "MX-NoLED", "mount_type": "tht", "place": true}, {"pos_x": 364.33125, "pos_y": -240.50625, "rotation": 0.0, "side": "top", "designator": "MX67", "mpn": null, "pack": "MXOnly-1U-NoLED", "value": "MX-NoLED", "mount_type": "tht", "place": true}, {"pos_x": 71.4375, "pos_y": -278.60625, "rotation": 0.0, "side": "top", "designator": "MX73", "mpn": null, "pack": "SW_MX_1.75u_stp", "value": "MX-NoLED", "mount_type": "tht", "place": true}, {"pos_x": 111.91875, "pos_y": -297.65625, "rotation": 0.0, "side": "top", "designator": "MX9", "mpn": null, "pack": "MXOnly-1U-NoLED", "value": "MX-NoLED", "mount_type": "tht", "place": true}, {"pos_x": 304.8, "pos_y": -316.70625, "rotation": 0.0, "side": "top", "designator": "MX35", "mpn": null, "pack": "MXOnly-1.25U-NoLED", "value": "MX-NoLED", "mount_type": "tht", "place": true}, {"pos_x": 92.86875, "pos_y": -316.70625, "rotation": 0.0, "side": "top", "designator": "MX10", "mpn": null, "pack": "MXOnly-1U-NoLED", "value": "MX-NoLED", "mount_type": "tht", "place": true}, {"pos_x": 326.23125, "pos_y": -316.70625, "rotation": 0.0, "side": "top", "designator": "MX40", "mpn": null, "pack": "MXOnly-1U-NoLED", "value": "MX-NoLED", "mount_type": "tht", "place": true}, {"pos_x": 197.64375, "pos_y": -278.60625, "rotation": 0.0, "side": "top", "designator": "MX33", "mpn": null, "pack": "MXOnly-1U-NoLED", "value": "MX-NoLED", "mount_type": "tht", "place": true}, {"pos_x": 167.48125, "pos_y": -311.94375, "rotation": 0.0, "side": "top", "designator": "G***", "mpn": null, "pack": "LOGO", "value": "LOGO", "mount_type": "tht", "place": false}, {"pos_x": 326.23125, "pos_y": -240.50625, "rotation": 0.0, "side": "top", "designator": "MX63", "mpn": null, "pack": "MXOnly-2U-NoLED", "value": "MX-NoLED", "mount_type": "tht", "place": true}, {"pos_x": 73.81875, "pos_y": -259.55625, "rotation": 0.0, "side": "top", "designator": "MX2", "mpn": null, "pack": "MXOnly-1.5U-NoLED", "value": "MX-NoLED", "mount_type": "tht", "place": true}, {"pos_x": 169.06875, "pos_y": -297.65625, "rotation": 0.0, "side": "top", "designator": "MX24", "mpn": null, "pack": "MXOnly-1U-NoLED", "value": "MX-NoLED", "mount_type": "tht", "place": true}, {"pos_x": 245.26875, "pos_y": -297.65625, "rotation": 0.0, "side": "top", "designator": "MX44", "mpn": null, "pack": "MXOnly-1U-NoLED", "value": "MX-NoLED", "mount_type": "tht", "place": true}, {"pos_x": 150.01875, "pos_y": -297.65625, "rotation": 0.0, "side": "top", "designator": "MX19", "mpn": null, "pack": "MXOnly-1U-NoLED", "value": "MX-NoLED", "mount_type": "tht", "place": true}, {"pos_x": 216.69375, "pos_y": -278.60625, "rotation": 0.0, "side": "top", "designator": "MX38", "mpn": null, "pack": "MXOnly-1U-NoLED", "value": "MX-NoLED", "mount_type": "tht", "place": true}, {"pos_x": 202.40625, "pos_y": -316.70625, "rotation": 0.0, "side": "top", "designator": "MX72", "mpn": null, "pack": "MXOnly-7U-ReversedStabilizers-NoLED", "value": "MX-NoLED", "mount_type": "tht", "place": true}, {"pos_x": 364.33125, "pos_y": -259.55625, "rotation": 0.0, "side": "top", "designator": "MX68", "mpn": null, "pack": "MXOnly-1U-NoLED", "value": "MX-NoLED", "mount_type": "tht", "place": true}, {"pos_x": 259.55625, "pos_y": -240.50625, "rotation": 0.0, "side": "top", "designator": "MX51", "mpn": null, "pack": "MXOnly-1U-NoLED", "value": "MX-NoLED", "mount_type": "tht", "place": true}, {"pos_x": 311.94375, "pos_y": -278.60625, "rotation": 0.0, "side": "top", "designator": "MX75", "mpn": null, "pack": "MXOnly-1U-NoLED", "value": "MX-NoLED", "mount_type": "tht", "place": true}, {"pos_x": 288.13125, "pos_y": -259.55625, "rotation": 0.0, "side": "top", "designator": "MX56", "mpn": null, "pack": "MXOnly-1U-NoLED", "value": "MX-NoLED", "mount_type": "tht", "place": true}, {"pos_x": 230.98125, "pos_y": -259.55625, "rotation": 0.0, "side": "top", "designator": "MX42", "mpn": null, "pack": "MXOnly-1U-NoLED", "value": "MX-NoLED", "mount_type": "tht", "place": true}, {"pos_x": 235.74375, "pos_y": -278.60625, "rotation": 0.0, "side": "top", "designator": "MX43", "mpn": null, "pack": "MXOnly-1U-NoLED", "value": "MX-NoLED", "mount_type": "tht", "place": true}, {"pos_x": 154.78125, "pos_y": -259.55625, "rotation": 0.0, "side": "top", "designator": "MX22", "mpn": null, "pack": "MXOnly-1U-NoLED", "value": "MX-NoLED", "mount_type": "tht", "place": true}, {"pos_x": 273.84375, "pos_y": -278.60625, "rotation": 0.0, "side": "top", "designator": "MX53", "mpn": null, "pack": "MXOnly-1U-NoLED", "value": "MX-NoLED", "mount_type": "tht", "place": true}, {"pos_x": 364.33125, "pos_y": -278.60625, "rotation": 0.0, "side": "top", "designator": "MX65", "mpn": null, "pack": "MXOnly-1U-NoLED", "value": "MX-NoLED", "mount_type": "tht", "place": true}, {"pos_x": 80.9625, "pos_y": -297.65625, "rotation": 0.0, "side": "top", "designator": "MX4", "mpn": null, "pack": "MXOnly-2.25U-NoLED", "value": "MX-NoLED", "mount_type": "tht", "place": true}, {"pos_x": 97.63125, "pos_y": -259.55625, "rotation": 0.0, "side": "top", "designator": "MX7", "mpn": null, "pack": "MXOnly-1U-NoLED", "value": "MX-NoLED", "mount_type": "tht", "place": true}, {"pos_x": 278.60625, "pos_y": -240.50625, "rotation": 0.0, "side": "top", "designator": "MX55", "mpn": null, "pack": "MXOnly-1U-NoLED", "value": "MX-NoLED", "mount_type": "tht", "place": true}, {"pos_x": 159.54375, "pos_y": -278.60625, "rotation": 0.0, "side": "top", "designator": "MX23", "mpn": null, "pack": "MXOnly-1U-NoLED", "value": "MX-NoLED", "mount_type": "tht", "place": true}, {"pos_x": 126.20625, "pos_y": -240.50625, "rotation": 0.0, "side": "top", "designator": "MX16", "mpn": null, "pack": "MXOnly-1U-NoLED", "value": "MX-NoLED", "mount_type": "tht", "place": true}, {"pos_x": 333.375, "pos_y": -269.08125, "rotation": 0.0, "side": "top", "designator": "MX74", "mpn": null, "pack": "MXOnly-ISO-ReversedStabilizers-NoLED", "value": "MX-NoLED", "mount_type": "tht", "place": true}, {"pos_x": 140.49375, "pos_y": -278.60625, "rotation": 0.0, "side": "top", "designator": "MX18", "mpn": null, "pack": "MXOnly-1U-NoLED", "value": "MX-NoLED", "mount_type": "tht", "place": true}, {"pos_x": 211.93125, "pos_y": -259.55625, "rotation": 0.0, "side": "top", "designator": "MX37", "mpn": null, "pack": "MXOnly-1U-NoLED", "value": "MX-NoLED", "mount_type": "tht", "place": true}, {"pos_x": 254.79375, "pos_y": -278.60625, "rotation": 0.0, "side": "top", "designator": "MX48", "mpn": null, "pack": "MXOnly-1U-NoLED", "value": "MX-NoLED", "mount_type": "tht", "place": true}, {"pos_x": 297.65625, "pos_y": -240.50625, "rotation": 0.0, "side": "top", "designator": "MX59", "mpn": null, "pack": "MXOnly-1U-NoLED", "value": "MX-NoLED", "mount_type": "tht", "place": true}, {"pos_x": 164.30625, "pos_y": -240.50625, "rotation": 0.0, "side": "top", "designator": "MX26", "mpn": null, "pack": "MXOnly-1U-NoLED", "value": "MX-NoLED", "mount_type": "tht", "place": true}, {"pos_x": 145.25625, "pos_y": -240.50625, "rotation": 0.0, "side": "top", "designator": "MX21", "mpn": null, "pack": "MXOnly-1U-NoLED", "value": "MX-NoLED", "mount_type": "tht", "place": true}, {"pos_x": 292.89375, "pos_y": -278.60625, "rotation": 0.0, "side": "top", "designator": "MX57", "mpn": null, "pack": "MXOnly-1U-NoLED", "value": "MX-NoLED", "mount_type": "tht", "place": true}, {"pos_x": 173.83125, "pos_y": -259.55625, "rotation": 0.0, "side": "top", "designator": "MX27", "mpn": null, "pack": "MXOnly-1U-NoLED", "value": "MX-NoLED", "mount_type": "tht", "place": true}, {"pos_x": 69.05625, "pos_y": -240.50625, "rotation": 0.0, "side": "top", "designator": "MX1", "mpn": null, "pack": "MXOnly-1U-NoLED", "value": "MX-NoLED", "mount_type": "tht", "place": true}, {"pos_x": 107.15625, "pos_y": -240.50625, "rotation": 0.0, "side": "top", "designator": "MX11", "mpn": null, "pack": "MXOnly-1U-NoLED", "value": "MX-NoLED", "mount_type": "tht", "place": true}, {"pos_x": 139.7, "pos_y": -298.45, "rotation": 90.0, "side": "bottom", "designator": "D14", "mpn": null, "pack": "D_SOD-123", "value": "D_Small", "mount_type": "smt", "place": true}, {"pos_x": 163.5125, "pos_y": -260.35, "rotation": 90.0, "side": "bottom", "designator": "D22", "mpn": null, "pack": "D_SOD-123", "value": "D_Small", "mount_type": "smt", "place": true}, {"pos_x": 125.4125, "pos_y": -260.35, "rotation": 90.0, "side": "bottom", "designator": "D12", "mpn": null, "pack": "D_SOD-123", "value": "D_Small", "mount_type": "smt", "place": true}, {"pos_x": 258.7625, "pos_y": -260.35, "rotation": 90.0, "side": "bottom", "designator": "D47", "mpn": null, "pack": "D_SOD-123", "value": "D_Small", "mount_type": "smt", "place": true}, {"pos_x": 157.82925, "pos_y": -322.10375, "rotation": -90.0, "side": "bottom", "designator": "R3", "mpn": null, "pack": "R_0805_2012Metric", "value": "10k", "mount_type": "smt", "place": true}, {"pos_x": 264.31875, "pos_y": -273.304, "rotation": 90.0, "side": "bottom", "designator": "D48", "mpn": null, "pack": "D_SOD-123", "value": "D_Small", "mount_type": "smt", "place": true}, {"pos_x": 277.8125, "pos_y": -260.35, "rotation": 90.0, "side": "bottom", "designator": "D52", "mpn": null, "pack": "D_SOD-123", "value": "D_Small", "mount_type": "smt", "place": true}, {"pos_x": 196.85, "pos_y": -298.45, "rotation": 90.0, "side": "bottom", "designator": "D29", "mpn": null, "pack": "D_SOD-123", "value": "D_Small", "mount_type": "smt", "place": true}, {"pos_x": 155.79, "pos_y": -314.114, "rotation": -90.0, "side": "bottom", "designator": "Y1", "mpn": null, "pack": "Crystal_SMD_3225-4Pin_3.2x2.5mm", "value": "16MHz", "mount_type": "smt", "place": true}, {"pos_x": 173.863, "pos_y": -307.721, "rotation": -90.0, "side": "bottom", "designator": "C2", "mpn": null, "pack": "C_0805_2012Metric", "value": "0.1uF", "mount_type": "smt", "place": true}, {"pos_x": 239.7125, "pos_y": -260.35, "rotation": 90.0, "side": "bottom", "designator": "D42", "mpn": null, "pack": "D_SOD-123", "value": "D_Small", "mount_type": "smt", "place": true}, {"pos_x": 372.237, "pos_y": -241.3, "rotation": 90.0, "side": "bottom", "designator": "D67", "mpn": null, "pack": "D_SOD-123", "value": "D_Small", "mount_type": "smt", "place": true}, {"pos_x": 343.69375, "pos_y": -260.35, "rotation": 90.0, "side": "bottom", "designator": "D64", "mpn": null, "pack": "D_SOD-123", "value": "D_Small", "mount_type": "smt", "place": true}, {"pos_x": 96.8375, "pos_y": -241.3, "rotation": 90.0, "side": "bottom", "designator": "D6", "mpn": null, "pack": "D_SOD-123", "value": "D_Small", "mount_type": "smt", "place": true}, {"pos_x": 84.93125, "pos_y": -279.4, "rotation": 90.0, "side": "bottom", "designator": "D3", "mpn": null, "pack": "D_SOD-123", "value": "D_Small", "mount_type": "smt", "place": true}, {"pos_x": 334.9625, "pos_y": -317.5, "rotation": 90.0, "side": "bottom", "designator": "D40", "mpn": null, "pack": "D_SOD-123", "value": "D_Small", "mount_type": "smt", "place": true}, {"pos_x": 144.4625, "pos_y": -260.35, "rotation": 90.0, "side": "bottom", "designator": "D17", "mpn": null, "pack": "D_SOD-123", "value": "D_Small", "mount_type": "smt", "place": true}, {"pos_x": 182.5625, "pos_y": -260.35, "rotation": 90.0, "side": "bottom", "designator": "D27", "mpn": null, "pack": "D_SOD-123", "value": "D_Small", "mount_type": "smt", "place": true}, {"pos_x": 372.26875, "pos_y": -317.5, "rotation": 90.0, "side": "bottom", "designator": "D50", "mpn": null, "pack": "D_SOD-123", "value": "D_Small", "mount_type": "smt", "place": true}, {"pos_x": 372.26875, "pos_y": -279.4, "rotation": 90.0, "side": "bottom", "designator": "D65", "mpn": null, "pack": "D_SOD-123", "value": "D_Small", "mount_type": "smt", "place": true}, {"pos_x": 292.1, "pos_y": -298.45, "rotation": 90.0, "side": "bottom", "designator": "D54", "mpn": null, "pack": "D_SOD-123", "value": "D_Small", "mount_type": "smt", "place": true}, {"pos_x": 354.0125, "pos_y": -317.5, "rotation": 90.0, "side": "bottom", "designator": "D45", "mpn": null, "pack": "D_SOD-123", "value": "D_Small", "mount_type": "smt", "place": true}, {"pos_x": 334.9625, "pos_y": -241.3, "rotation": 90.0, "side": "bottom", "designator": "D63", "mpn": null, "pack": "D_SOD-123", "value": "D_Small", "mount_type": "smt", "place": true}, {"pos_x": 225.425, "pos_y": -279.4, "rotation": 90.0, "side": "bottom", "designator": "D38", "mpn": null, "pack": "D_SOD-123", "value": "D_Small", "mount_type": "smt", "place": true}, {"pos_x": 171.45, "pos_y": -304.8, "rotation": 0.0, "side": "bottom", "designator": "R4", "mpn": null, "pack": "R_0805_2012Metric", "value": "10k", "mount_type": "smt", "place": true}, {"pos_x": 233.2325, "pos_y": -248.313999, "rotation": 90.0, "side": "bottom", "designator": "U2", "mpn": null, "pack": "SOT-23-6-routable", "value": "SRV05-4", "mount_type": "smt", "place": true}, {"pos_x": 120.65, "pos_y": -298.45, "rotation": 90.0, "side": "bottom", "designator": "D9", "mpn": null, "pack": "D_SOD-123", "value": "D_Small", "mount_type": "smt", "place": true}, {"pos_x": 215.9, "pos_y": -298.45, "rotation": 90.0, "side": "bottom", "designator": "D34", "mpn": null, "pack": "D_SOD-123", "value": "D_Small", "mount_type": "smt", "place": true}, {"pos_x": 77.7875, "pos_y": -241.3, "rotation": 90.0, "side": "bottom", "designator": "D1", "mpn": null, "pack": "D_SOD-123", "value": "D_Small", "mount_type": "smt", "place": true}, {"pos_x": 180.848, "pos_y": -311.531, "rotation": 180.0, "side": "bottom", "designator": "F1", "mpn": null, "pack": "Fuse_1206_3216Metric", "value": "500mA", "mount_type": "smt", "place": true}, {"pos_x": 230.1875, "pos_y": -241.3, "rotation": 90.0, "side": "bottom", "designator": "D41", "mpn": null, "pack": "D_SOD-123", "value": "D_Small", "mount_type": "smt", "place": true}, {"pos_x": 234.95, "pos_y": -298.45, "rotation": 90.0, "side": "bottom", "designator": "D39", "mpn": null, "pack": "D_SOD-123", "value": "D_Small", "mount_type": "smt", "place": true}, {"pos_x": 315.9125, "pos_y": -260.35, "rotation": 90.0, "side": "bottom", "designator": "D60", "mpn": null, "pack": "D_SOD-123", "value": "D_Small", "mount_type": "smt", "place": true}, {"pos_x": 134.9375, "pos_y": -241.3, "rotation": 90.0, "side": "bottom", "designator": "D16", "mpn": null, "pack": "D_SOD-123", "value": "D_Small", "mount_type": "smt", "place": true}, {"pos_x": 296.8625, "pos_y": -260.35, "rotation": 90.0, "side": "bottom", "designator": "D56", "mpn": null, "pack": "D_SOD-123", "value": "D_Small", "mount_type": "smt", "place": true}, {"pos_x": 211.1375, "pos_y": -241.3, "rotation": 90.0, "side": "bottom", "designator": "D36", "mpn": null, "pack": "D_SOD-123", "value": "D_Small", "mount_type": "smt", "place": true}, {"pos_x": 105.56875, "pos_y": -317.5, "rotation": 90.0, "side": "bottom", "designator": "D10", "mpn": null, "pack": "D_SOD-123", "value": "D_Small", "mount_type": "smt", "place": true}, {"pos_x": 152.068, "pos_y": -314.198, "rotation": -90.0, "side": "bottom", "designator": "C4", "mpn": null, "pack": "C_0805_2012Metric", "value": "22pF", "mount_type": "smt", "place": true}, {"pos_x": 292.1, "pos_y": -317.5, "rotation": 90.0, "side": "bottom", "designator": "D30", "mpn": null, "pack": "D_SOD-123", "value": "D_Small", "mount_type": "smt", "place": true}, {"pos_x": 174.254618, "pos_y": -318.391789, "rotation": 90.0, "side": "bottom", "designator": "C7", "mpn": null, "pack": "C_0805_2012Metric", "value": "10uF", "mount_type": "smt", "place": true}, {"pos_x": 268.2875, "pos_y": -317.5, "rotation": 90.0, "side": "bottom", "designator": "D25", "mpn": null, "pack": "D_SOD-123", "value": "D_Small", "mount_type": "smt", "place": true}, {"pos_x": 244.475, "pos_y": -279.4, "rotation": 90.0, "side": "bottom", "designator": "D43", "mpn": null, "pack": "D_SOD-123", "value": "D_Small", "mount_type": "smt", "place": true}, {"pos_x": 254.0, "pos_y": -298.45, "rotation": 90.0, "side": "bottom", "designator": "D44", "mpn": null, "pack": "D_SOD-123", "value": "D_Small", "mount_type": "smt", "place": true}, {"pos_x": 165.76675, "pos_y": -312.57875, "rotation": 90.0, "side": "bottom", "designator": "U1", "mpn": null, "pack": "TQFP-44_10x10mm_P0.8mm", "value": "ATmega32U4-A", "mount_type": "smt", "place": true}, {"pos_x": 87.3125, "pos_y": -260.35, "rotation": 90.0, "side": "bottom", "designator": "D2", "mpn": null, "pack": "D_SOD-123", "value": "D_Small", "mount_type": "smt", "place": true}, {"pos_x": 154.65425, "pos_y": -322.10375, "rotation": 90.0, "side": "bottom", "designator": "C1", "mpn": null, "pack": "C_0805_2012Metric", "value": "0.1uF", "mount_type": "smt", "place": true}, {"pos_x": 201.6125, "pos_y": -260.35, "rotation": 90.0, "side": "bottom", "designator": "D32", "mpn": null, "pack": "D_SOD-123", "value": "D_Small", "mount_type": "smt", "place": true}, {"pos_x": 334.9625, "pos_y": -298.45, "rotation": 90.0, "side": "bottom", "designator": "D58", "mpn": null, "pack": "D_SOD-123", "value": "D_Small", "mount_type": "smt", "place": true}, {"pos_x": 130.175, "pos_y": -317.5, "rotation": 90.0, "side": "bottom", "designator": "D15", "mpn": null, "pack": "D_SOD-123", "value": "D_Small", "mount_type": "smt", "place": true}, {"pos_x": 301.625, "pos_y": -279.4, "rotation": 90.0, "side": "bottom", "designator": "D57", "mpn": null, "pack": "D_SOD-123", "value": "D_Small", "mount_type": "smt", "place": true}, {"pos_x": 287.274, "pos_y": -241.3, "rotation": 90.0, "side": "bottom", "designator": "D55", "mpn": null, "pack": "D_SOD-123", "value": "D_Small", "mount_type": "smt", "place": true}, {"pos_x": 140.589, "pos_y": -314.071, "rotation": 90.0, "side": "bottom", "designator": "SW1", "mpn": null, "pack": "SKQG-1155865", "value": "SW_Push", "mount_type": "smt", "place": true}, {"pos_x": 177.8, "pos_y": -298.45, "rotation": 90.0, "side": "bottom", "designator": "D24", "mpn": null, "pack": "D_SOD-123", "value": "D_Small", "mount_type": "smt", "place": true}, {"pos_x": 130.175, "pos_y": -279.4, "rotation": 90.0, "side": "bottom", "designator": "D13", "mpn": null, "pack": "D_SOD-123", "value": "D_Small", "mount_type": "smt", "place": true}, {"pos_x": 106.3625, "pos_y": -260.35, "rotation": 90.0, "side": "bottom", "designator": "D7", "mpn": null, "pack": "D_SOD-123", "value": "D_Small", "mount_type": "smt", "place": true}, {"pos_x": 372.26875, "pos_y": -260.35, "rotation": 90.0, "side": "bottom", "designator": "D68", "mpn": null, "pack": "D_SOD-123", "value": "D_Small", "mount_type": "smt", "place": true}, {"pos_x": 154.813, "pos_y": -304.673, "rotation": 180.0, "side": "bottom", "designator": "C5", "mpn": null, "pack": "C_0805_2012Metric", "value": "0.1uF", "mount_type": "smt", "place": true}, {"pos_x": 187.325, "pos_y": -279.4, "rotation": 90.0, "side": "bottom", "designator": "D28", "mpn": null, "pack": "D_SOD-123", "value": "D_Small", "mount_type": "smt", "place": true}, {"pos_x": 273.05, "pos_y": -298.45, "rotation": 90.0, "side": "bottom", "designator": "D49", "mpn": null, "pack": "D_SOD-123", "value": "D_Small", "mount_type": "smt", "place": true}, {"pos_x": 169.037, "pos_y": -273.304, "rotation": 90.0, "side": "bottom", "designator": "D23", "mpn": null, "pack": "D_SOD-123", "value": "D_Small", "mount_type": "smt", "place": true}, {"pos_x": 220.6625, "pos_y": -260.35, "rotation": 90.0, "side": "bottom", "designator": "D37", "mpn": null, "pack": "D_SOD-123", "value": "D_Small", "mount_type": "smt", "place": true}, {"pos_x": 241.1065, "pos_y": -248.313999, "rotation": -90.0, "side": "bottom", "designator": "J1", "mpn": null, "pack": "JST_SH_SM04B-SRSS-TB_1x04-1MP_P1.00mm_Horizontal", "value": "JST SH 4-pin", "mount_type": "smt", "place": true}, {"pos_x": 206.375, "pos_y": -279.4, "rotation": 90.0, "side": "bottom", "designator": "D33", "mpn": null, "pack": "D_SOD-123", "value": "D_Small", "mount_type": "smt", "place": true}, {"pos_x": 306.324, "pos_y": -241.3, "rotation": 90.0, "side": "bottom", "designator": "D59", "mpn": null, "pack": "D_SOD-123", "value": "D_Small", "mount_type": "smt", "place": true}, {"pos_x": 354.0125, "pos_y": -298.45, "rotation": 90.0, "side": "bottom", "designator": "D62", "mpn": null, "pack": "D_SOD-123", "value": "D_Small", "mount_type": "smt", "place": true}, {"pos_x": 227.073, "pos_y": -246.371749, "rotation": 180.0, "side": "bottom", "designator": "R2", "mpn": null, "pack": "R_0805_2012Metric", "value": "22", "mount_type": "smt", "place": true}, {"pos_x": 165.6715, "pos_y": -322.8975, "rotation": 0.0, "side": "bottom", "designator": "C6", "mpn": null, "pack": "C_0805_2012Metric", "value": "1uf", "mount_type": "smt", "place": true}, {"pos_x": 82.55, "pos_y": -317.5, "rotation": 90.0, "side": "bottom", "designator": "D5", "mpn": null, "pack": "D_SOD-123", "value": "D_Small", "mount_type": "smt", "place": true}, {"pos_x": 315.9125, "pos_y": -317.5, "rotation": 90.0, "side": "bottom", "designator": "D35", "mpn": null, "pack": "D_SOD-123", "value": "D_Small", "mount_type": "smt", "place": true}, {"pos_x": 111.125, "pos_y": -279.4, "rotation": 90.0, "side": "bottom", "designator": "D8", "mpn": null, "pack": "D_SOD-123", "value": "D_Small", "mount_type": "smt", "place": true}, {"pos_x": 149.225, "pos_y": -301.625, "rotation": 0.0, "side": "bottom", "designator": "D19", "mpn": null, "pack": "D_SOD-123", "value": "D_Small", "mount_type": "smt", "place": true}, {"pos_x": 154.3025, "pos_y": -310.58025, "rotation": 0.0, "side": "bottom", "designator": "C3", "mpn": null, "pack": "C_0805_2012Metric", "value": "22pF", "mount_type": "smt", "place": true}, {"pos_x": 153.9875, "pos_y": -241.3, "rotation": 90.0, "side": "bottom", "designator": "D21", "mpn": null, "pack": "D_SOD-123", "value": "D_Small", "mount_type": "smt", "place": true}, {"pos_x": 149.225, "pos_y": -279.4, "rotation": 90.0, "side": "bottom", "designator": "D18", "mpn": null, "pack": "D_SOD-123", "value": "D_Small", "mount_type": "smt", "place": true}, {"pos_x": 268.2875, "pos_y": -241.3, "rotation": 90.0, "side": "bottom", "designator": "D51", "mpn": null, "pack": "D_SOD-123", "value": "D_Small", "mount_type": "smt", "place": true}, {"pos_x": 173.0375, "pos_y": -241.3, "rotation": 90.0, "side": "bottom", "designator": "D26", "mpn": null, "pack": "D_SOD-123", "value": "D_Small", "mount_type": "smt", "place": true}, {"pos_x": 282.575, "pos_y": -279.4, "rotation": 90.0, "side": "bottom", "designator": "D53", "mpn": null, "pack": "D_SOD-123", "value": "D_Small", "mount_type": "smt", "place": true}, {"pos_x": 192.0875, "pos_y": -241.3, "rotation": 90.0, "side": "bottom", "designator": "D31", "mpn": null, "pack": "D_SOD-123", "value": "D_Small", "mount_type": "smt", "place": true}, {"pos_x": 244.475, "pos_y": -317.5, "rotation": 90.0, "side": "bottom", "designator": "D20", "mpn": null, "pack": "D_SOD-123", "value": "D_Small", "mount_type": "smt", "place": true}, {"pos_x": 101.6, "pos_y": -298.45, "rotation": 90.0, "side": "bottom", "designator": "D4", "mpn": null, "pack": "D_SOD-123", "value": "D_Small", "mount_type": "smt", "place": true}, {"pos_x": 115.8875, "pos_y": -241.3, "rotation": 90.0, "side": "bottom", "designator": "D11", "mpn": null, "pack": "D_SOD-123", "value": "D_Small", "mount_type": "smt", "place": true}, {"pos_x": 372.26875, "pos_y": -298.45, "rotation": 90.0, "side": "bottom", "designator": "D66", "mpn": null, "pack": "D_SOD-123", "value": "D_Small", "mount_type": "smt", "place": true}, {"pos_x": 344.4875, "pos_y": -279.4, "rotation": 90.0, "side": "bottom", "designator": "D61", "mpn": null, "pack": "D_SOD-123", "value": "D_Small", "mount_type": "smt", "place": true}, {"pos_x": 249.2375, "pos_y": -241.3, "rotation": 90.0, "side": "bottom", "designator": "D46", "mpn": null, "pack": "D_SOD-123", "value": "D_Small", "mount_type": "smt", "place": true}, {"pos_x": 227.073, "pos_y": -248.911749, "rotation": 180.0, "side": "bottom", "designator": "R1", "mpn": null, "pack": "R_0805_2012Metric", "value": "22", "mount_type": "smt", "place": true}]